optimization,duration (ms)
decimalgamma,16476
decimalgamma,16430
decimalgamma,17153
decimalgamma,16956
decimalgamma,16729
decimalgamma,16481
decimalgamma,16635
decimalgamma,16872
decimalgamma,16818
decimalgamma,16584
decimalgamma,16659
decimalgamma-loose,14752
decimalgamma-loose,14976
decimalgamma-loose,14721
decimalgamma-loose,14971
decimalgamma-loose,14871
decimalgamma-loose,14868
decimalgamma-loose,14677
decimalgamma-loose,15695
decimalgamma-loose,14879
decimalgamma-loose,14877
decimalgamma-loose,14825
default,16368
default,16298
default,16357
default,16275
default,16251
default,16370
default,16038
default,16710
default,16257
